name,parameter_size,architecture,context_length,quantization
qwen2.5-coder:3b,3085938688,qwen2,N/A,2
qwen3:4b,4022468096,qwen3,N/A,2
qwen3:1.7b,2031739904,qwen3,N/A,2
qwen3:0.6b,751632384,qwen3,N/A,2
qwen2.5-coder:1.5b-base-q4_K_M,1543714304,qwen2,N/A,2
qwen2.5-coder:0.5b-base-q5_0,494032768,qwen2,N/A,2
qwen2.5-coder:0.5b-base-q4_K_M,494032768,qwen2,N/A,2
qwen2.5-coder:1.5b-instruct-q4_K_M,1543714304,qwen2,N/A,2
qwen2.5-coder:1.5b-base-q4_K_S,1543714304,qwen2,N/A,2
qwen2.5-coder:1.5b-base-q4_1,1543714304,qwen2,N/A,2
qwen2.5-coder:1.5b-base-q4_0,1543714304,qwen2,N/A,2
qwen2.5-coder:1.5b-base-q3_K_L,1543714304,qwen2,N/A,2
qwen2.5-coder:1.5b-base-q3_K_M,1543714304,qwen2,N/A,2
qwen2.5-coder:1.5b-base-q3_K_S,1543714304,qwen2,N/A,2
qwen2.5-coder:1.5b-base-q2_K,1543714304,qwen2,N/A,2
qwen2.5-coder:1.5b-base,1543714304,qwen2,N/A,2
qwen2.5-coder:0.5b-instruct-fp16,494032768,qwen2,N/A,2
qwen2.5-coder:0.5b-instruct-q8_0,494032768,qwen2,N/A,2
qwen2.5-coder:0.5b-instruct-q6_K,494032768,qwen2,N/A,2
qwen2.5-coder:0.5b-instruct-q5_K_M,494032768,qwen2,N/A,2
qwen2.5-coder:0.5b-instruct-q5_K_S,494032768,qwen2,N/A,2
qwen2.5-coder:0.5b-instruct-q5_1,494032768,qwen2,N/A,2
qwen2.5-coder:0.5b-instruct-q5_0,494032768,qwen2,N/A,2
qwen2.5-coder:0.5b-instruct-q4_K_M,494032768,qwen2,N/A,2
qwen2.5-coder:0.5b-instruct-q4_K_S,494032768,qwen2,N/A,2
qwen2.5-coder:0.5b-instruct-q4_1,494032768,qwen2,N/A,2
qwen2.5-coder:0.5b-instruct-q4_0,494032768,qwen2,N/A,2
qwen2.5-coder:0.5b-instruct-q3_K_L,494032768,qwen2,N/A,2
qwen2.5-coder:0.5b-instruct-q3_K_M,494032768,qwen2,N/A,2
qwen2.5-coder:0.5b-instruct-q3_K_S,494032768,qwen2,N/A,2
qwen2.5-coder:0.5b-instruct-q2_K,494032768,qwen2,N/A,2
qwen2.5-coder:0.5b-instruct,494032768,qwen2,N/A,2
qwen2.5-coder:0.5b-base-fp16,494032768,qwen2,N/A,2
qwen2.5-coder:0.5b-base-q8_0,494032768,qwen2,N/A,2
qwen2.5-coder:0.5b-base-q6_K,494032768,qwen2,N/A,2
qwen2.5-coder:0.5b-base-q5_K_M,494032768,qwen2,N/A,2
qwen2.5-coder:0.5b-base-q5_K_S,494032768,qwen2,N/A,2
qwen2.5-coder:0.5b-base-q5_1,494032768,qwen2,N/A,2
qwen2.5-coder:0.5b-base-q4_K_S,494032768,qwen2,N/A,2
qwen2.5-coder:0.5b-base-q4_1,494032768,qwen2,N/A,2
qwen2.5-coder:0.5b-base-q4_0,494032768,qwen2,N/A,2
qwen2.5-coder:0.5b-base-q3_K_L,494032768,qwen2,N/A,2
qwen2.5-coder:0.5b-base-q3_K_M,494032768,qwen2,N/A,2
qwen2.5-coder:0.5b-base-q3_K_S,494032768,qwen2,N/A,2
qwen2.5-coder:0.5b-base-q2_K,494032768,qwen2,N/A,2
qwen2.5-coder:0.5b-base,494032768,qwen2,N/A,2
qwen2.5-coder:1.5b,1543714304,qwen2,N/A,2
qwen2.5-coder:0.5b,494032768,qwen2,N/A,2
qwen2.5vl:3b,3754622976,qwen25vl,N/A,2
qwen2.5vl:3b-q4_K_M,3754622976,qwen25vl,N/A,2
qwen2:1.5b-instruct-q8_0,1543714304,qwen2,N/A,2
qwen2:1.5b-instruct-q6_K,1543714304,qwen2,N/A,2
qwen2:1.5b-instruct-q5_K_M,1543714304,qwen2,N/A,2
qwen2:1.5b-instruct-q5_K_S,1543714304,qwen2,N/A,2
qwen2:1.5b-instruct-q5_1,1543714304,qwen2,N/A,2
qwen2:1.5b-instruct-q5_0,1543714304,qwen2,N/A,2
qwen2:1.5b-instruct-q4_K_M,1543714304,qwen2,N/A,2
qwen2:1.5b-instruct-q4_K_S,1543714304,qwen2,N/A,2
qwen2:1.5b-instruct-q4_1,1543714304,qwen2,N/A,2
qwen2:1.5b-instruct-q4_0,1543714304,qwen2,N/A,2
qwen2:1.5b-instruct-q3_K_L,1543714304,qwen2,N/A,2
qwen2:1.5b-instruct-q3_K_M,1543714304,qwen2,N/A,2
qwen2:1.5b-instruct-q3_K_S,1543714304,qwen2,N/A,2
qwen2:1.5b-instruct-q2_K,1543714304,qwen2,N/A,2
qwen2:1.5b-instruct,1543714304,qwen2,N/A,2
qwen2:0.5b-instruct-fp16,494032768,qwen2,N/A,2
qwen2:0.5b-instruct-q8_0,494032768,qwen2,N/A,2
qwen2:0.5b-instruct-q6_K,494032768,qwen2,N/A,2
qwen2:0.5b-instruct-q5_K_M,494032768,qwen2,N/A,2
qwen2:0.5b-instruct-q5_K_S,494032768,qwen2,N/A,2
qwen2:0.5b-instruct-q5_1,494032768,qwen2,N/A,2
qwen2:0.5b-instruct-q5_0,494032768,qwen2,N/A,2
qwen2:0.5b-instruct-q4_K_M,494032768,qwen2,N/A,2
qwen2:0.5b-instruct-q4_K_S,494032768,qwen2,N/A,2
qwen2:0.5b-instruct-q4_1,494032768,qwen2,N/A,2
qwen2:0.5b-instruct-q4_0,494032768,qwen2,N/A,2
qwen2:0.5b-instruct-q3_K_L,494032768,qwen2,N/A,2
qwen2:0.5b-instruct-q3_K_M,494032768,qwen2,N/A,2
qwen2:0.5b-instruct-q3_K_S,494032768,qwen2,N/A,2
qwen2:0.5b-instruct-q2_K,494032768,qwen2,N/A,2
qwen2:0.5b-instruct,494032768,qwen2,N/A,2
qwen2:1.5b,1543714304,qwen2,N/A,2
qwen2:0.5b,494032768,qwen2,N/A,2
qwen:4b,3950369280,qwen2,N/A,2
qwen:1.8b,1836828672,qwen2,N/A,2
qwen:0.5b,619570176,qwen2,N/A,2
granite4:7b-a1b-h,6939037248,granitehybrid,N/A,2
granite4:3b-h,3191396096,granitehybrid,N/A,2
granite4:3b,3402836480,granite,N/A,2
granite4:1b-h,1461538368,granitehybrid,N/A,2
granite4:350m-h,340332224,granitehybrid,N/A,2
granite4:350m,352379904,granite,N/A,2
shieldgemma:2b-q4_K_M,2614341888,gemma2,N/A,2
codegemma:2b-code-v1.1-q4_K_M,2506172416,gemma,N/A,2
gemma3:1b,999885952,gemma3,N/A,2
gemma3:270m-it-qat,268098176,gemma3,N/A,2
gemma:2b-instruct-v1.1-q4_K_M,2506172416,gemma,N/A,2
gemma2:2b-instruct-q4_K_M,2614341888,gemma2,N/A,2
medgemma1.5:4b-it-q4_K_M,4300079472,gemma3,N/A,2
medgemma:4b-it-q4_K_M,4300079472,gemma3,N/A,2
granite4.2:3b-q4_K_M,3659737600,granite,N/A,2
glm-5.3-flash:cloud,321323031390,glm5_next,N/A,N/A
gemma4:e2b-it-qat,4628569635,gemma4,N/A,2
gemma4:latest,7996157674,gemma4,N/A,2
