Name,Size / Usage,Context,Input,Digest,Updated,source,size_gb,is_installed
gemma3:270m-it-qat,241MB,32K,Text,b16d6d39dfbd,1 year ago,all_models_sorted.csv,0.2353515625,True
gemma3:270m-it-qat,241MB,32K,Text,b16d6d39dfbd,1 year ago,gemma\gemma3.csv,0.2353515625,True
gemma3:270m-it-qat,241MB,32K,Text,b16d6d39dfbd,1 year ago,models_under_5gb.csv,0.2353515625,True
qwen2.5-coder:0.5b-instruct-q3_K_S,338MB,32K,Text,8bb2ad3ffe61,1 year ago,models_under_5gb.csv,0.330078125,True
qwen2.5-coder:0.5b-base-q3_K_S,338MB,32K,Text,e422e12f737e,1 year ago,models_under_5gb.csv,0.330078125,True
qwen2.5-coder:0.5b-base-q3_K_S,338MB,32K,Text,e422e12f737e,1 year ago,all_models_sorted.csv,0.330078125,True
qwen2:0.5b-instruct-q3_K_S,338MB,32K,Text,ae41a13fd9b2,2 years ago,all_models_sorted.csv,0.330078125,True
qwen2.5-coder:0.5b-base-q3_K_S,338MB,32K,Text,e422e12f737e,1 year ago,qwen\qwen2.5-coder.csv,0.330078125,True
qwen2.5-coder:0.5b-instruct-q3_K_S,338MB,32K,Text,8bb2ad3ffe61,1 year ago,qwen\qwen2.5-coder.csv,0.330078125,True
qwen2:0.5b-instruct-q3_K_S,338MB,32K,Text,ae41a13fd9b2,2 years ago,qwen\qwen2.csv,0.330078125,True
qwen2:0.5b-instruct-q3_K_S,338MB,32K,Text,ae41a13fd9b2,2 years ago,models_under_5gb.csv,0.330078125,True
qwen2.5-coder:0.5b-instruct-q3_K_S,338MB,32K,Text,8bb2ad3ffe61,1 year ago,all_models_sorted.csv,0.330078125,True
qwen2:0.5b-instruct-q2_K,339MB,32K,Text,06dda8c1519a,2 years ago,all_models_sorted.csv,0.3310546875,True
qwen2:0.5b-instruct-q2_K,339MB,32K,Text,06dda8c1519a,2 years ago,models_under_5gb.csv,0.3310546875,True
qwen2.5-coder:0.5b-instruct-q2_K,339MB,32K,Text,76b5ba6f676e,1 year ago,models_under_5gb.csv,0.3310546875,True
qwen2.5-coder:0.5b-base-q2_K,339MB,32K,Text,d31a8a24175b,1 year ago,models_under_5gb.csv,0.3310546875,True
qwen2.5-coder:0.5b-base-q2_K,339MB,32K,Text,d31a8a24175b,1 year ago,all_models_sorted.csv,0.3310546875,True
qwen2.5-coder:0.5b-instruct-q2_K,339MB,32K,Text,76b5ba6f676e,1 year ago,qwen\qwen2.5-coder.csv,0.3310546875,True
qwen2:0.5b-instruct-q2_K,339MB,32K,Text,06dda8c1519a,2 years ago,qwen\qwen2.csv,0.3310546875,True
qwen2.5-coder:0.5b-base-q2_K,339MB,32K,Text,d31a8a24175b,1 year ago,qwen\qwen2.5-coder.csv,0.3310546875,True
qwen2.5-coder:0.5b-instruct-q2_K,339MB,32K,Text,76b5ba6f676e,1 year ago,all_models_sorted.csv,0.3310546875,True
qwen2.5-coder:0.5b-instruct-q4_0,352MB,32K,Text,563b972026e4,1 year ago,qwen\qwen2.5-coder.csv,0.34375,True
qwen2:0.5b-instruct-q4_0,352MB,32K,Text,6f48b936a09f,2 years ago,all_models_sorted.csv,0.34375,True
qwen2:0.5b-instruct,352MB,32K,Text,6f48b936a09f,2 years ago,all_models_sorted.csv,0.34375,True
qwen2.5-coder:0.5b-instruct-q4_0,352MB,32K,Text,563b972026e4,1 year ago,all_models_sorted.csv,0.34375,True
qwen2:0.5b,352MB,32K,Text,6f48b936a09f,2 years ago,all_models_sorted.csv,0.34375,True
qwen2.5-coder:0.5b-base-q4_0,352MB,32K,Text,5b162945dc3f,1 year ago,qwen\qwen2.5-coder.csv,0.34375,True
qwen2:0.5b,352MB,32K,Text,6f48b936a09f,2 years ago,models_under_5gb.csv,0.34375,True
qwen2.5-coder:0.5b-instruct-q4_0,352MB,32K,Text,563b972026e4,1 year ago,models_under_5gb.csv,0.34375,True
qwen2:0.5b-instruct-q4_0,352MB,32K,Text,6f48b936a09f,2 years ago,models_under_5gb.csv,0.34375,True
qwen2.5-coder:0.5b-base-q4_0,352MB,32K,Text,5b162945dc3f,1 year ago,models_under_5gb.csv,0.34375,True
qwen2.5-coder:0.5b-base-q4_0,352MB,32K,Text,5b162945dc3f,1 year ago,all_models_sorted.csv,0.34375,True
qwen2:0.5b-instruct,352MB,32K,Text,6f48b936a09f,2 years ago,models_under_5gb.csv,0.34375,True
qwen2:0.5b-instruct-q4_0,352MB,32K,Text,6f48b936a09f,2 years ago,qwen\qwen2.csv,0.34375,True
qwen2:0.5b,352MB,32K,Text,6f48b936a09f,2 years ago,qwen\qwen2.csv,0.34375,True
qwen2:0.5b-instruct,352MB,32K,Text,6f48b936a09f,2 years ago,qwen\qwen2.csv,0.34375,True
qwen2.5-coder:0.5b-base-q3_K_M,355MB,32K,Text,2f339fd12a48,1 year ago,all_models_sorted.csv,0.3466796875,True
qwen2.5-coder:0.5b-base-q3_K_M,355MB,32K,Text,2f339fd12a48,1 year ago,models_under_5gb.csv,0.3466796875,True
qwen2.5-coder:0.5b-base-q3_K_M,355MB,32K,Text,2f339fd12a48,1 year ago,qwen\qwen2.5-coder.csv,0.3466796875,True
qwen2:0.5b-instruct-q3_K_M,355MB,32K,Text,2adbb16f0a5d,2 years ago,qwen\qwen2.csv,0.3466796875,True
qwen2.5-coder:0.5b-instruct-q3_K_M,355MB,32K,Text,bfa544a4a1e4,1 year ago,all_models_sorted.csv,0.3466796875,True
qwen2.5-coder:0.5b-instruct-q3_K_M,355MB,32K,Text,bfa544a4a1e4,1 year ago,qwen\qwen2.5-coder.csv,0.3466796875,True
qwen2:0.5b-instruct-q3_K_M,355MB,32K,Text,2adbb16f0a5d,2 years ago,models_under_5gb.csv,0.3466796875,True
qwen2.5-coder:0.5b-instruct-q3_K_M,355MB,32K,Text,bfa544a4a1e4,1 year ago,models_under_5gb.csv,0.3466796875,True
qwen2:0.5b-instruct-q3_K_M,355MB,32K,Text,2adbb16f0a5d,2 years ago,all_models_sorted.csv,0.3466796875,True
granite4:350m-h,366MB,1M,Text,7145075ed3d6,10 months ago,models_under_5gb.csv,0.357421875,True
granite4:350m-h,366MB,1M,Text,7145075ed3d6,10 months ago,all_models_sorted.csv,0.357421875,True
granite4:350m-h,366MB,1M,Text,7145075ed3d6,10 months ago,ibm\granite4.csv,0.357421875,True
qwen2.5-coder:0.5b-instruct-q3_K_L,369MB,32K,Text,421e449ec2a2,1 year ago,all_models_sorted.csv,0.3603515625,True
qwen2:0.5b-instruct-q3_K_L,369MB,32K,Text,425aee1fa207,2 years ago,qwen\qwen2.csv,0.3603515625,True
qwen2.5-coder:0.5b-base-q3_K_L,369MB,32K,Text,4a05a175ece5,1 year ago,models_under_5gb.csv,0.3603515625,True
qwen2:0.5b-instruct-q3_K_L,369MB,32K,Text,425aee1fa207,2 years ago,models_under_5gb.csv,0.3603515625,True
qwen2.5-coder:0.5b-instruct-q3_K_L,369MB,32K,Text,421e449ec2a2,1 year ago,models_under_5gb.csv,0.3603515625,True
qwen2.5-coder:0.5b-base-q3_K_L,369MB,32K,Text,4a05a175ece5,1 year ago,all_models_sorted.csv,0.3603515625,True
qwen2.5-coder:0.5b-base-q3_K_L,369MB,32K,Text,4a05a175ece5,1 year ago,qwen\qwen2.5-coder.csv,0.3603515625,True
qwen2:0.5b-instruct-q3_K_L,369MB,32K,Text,425aee1fa207,2 years ago,all_models_sorted.csv,0.3603515625,True
qwen2.5-coder:0.5b-instruct-q3_K_L,369MB,32K,Text,421e449ec2a2,1 year ago,qwen\qwen2.5-coder.csv,0.3603515625,True
qwen2.5-coder:0.5b-instruct-q4_1,375MB,32K,Text,1a07144b5855,1 year ago,models_under_5gb.csv,0.3662109375,True
qwen2.5-coder:0.5b-base-q4_1,375MB,32K,Text,27c4e36f2bf1,1 year ago,models_under_5gb.csv,0.3662109375,True
qwen2:0.5b-instruct-q4_1,375MB,32K,Text,a1a9a139f5f4,2 years ago,models_under_5gb.csv,0.3662109375,True
qwen2.5-coder:0.5b-instruct-q4_1,375MB,32K,Text,1a07144b5855,1 year ago,qwen\qwen2.5-coder.csv,0.3662109375,True
qwen2.5-coder:0.5b-base-q4_1,375MB,32K,Text,27c4e36f2bf1,1 year ago,all_models_sorted.csv,0.3662109375,True
qwen2.5-coder:0.5b-base-q4_1,375MB,32K,Text,27c4e36f2bf1,1 year ago,qwen\qwen2.5-coder.csv,0.3662109375,True
qwen2:0.5b-instruct-q4_1,375MB,32K,Text,a1a9a139f5f4,2 years ago,qwen\qwen2.csv,0.3662109375,True
qwen2:0.5b-instruct-q4_1,375MB,32K,Text,a1a9a139f5f4,2 years ago,all_models_sorted.csv,0.3662109375,True
qwen2.5-coder:0.5b-instruct-q4_1,375MB,32K,Text,1a07144b5855,1 year ago,all_models_sorted.csv,0.3662109375,True
qwen2.5-coder:0.5b-instruct-q4_K_S,385MB,32K,Text,3260403e0ead,1 year ago,models_under_5gb.csv,0.3759765625,True
qwen2.5-coder:0.5b-base-q4_K_S,385MB,32K,Text,fb9f36e97c1a,1 year ago,models_under_5gb.csv,0.3759765625,True
qwen2.5-coder:0.5b-base-q4_K_S,385MB,32K,Text,fb9f36e97c1a,1 year ago,qwen\qwen2.5-coder.csv,0.3759765625,True
qwen2:0.5b-instruct-q4_K_S,385MB,32K,Text,f6898a38eeae,2 years ago,qwen\qwen2.csv,0.3759765625,True
qwen2.5-coder:0.5b-instruct-q4_K_S,385MB,32K,Text,3260403e0ead,1 year ago,qwen\qwen2.5-coder.csv,0.3759765625,True
qwen2:0.5b-instruct-q4_K_S,385MB,32K,Text,f6898a38eeae,2 years ago,models_under_5gb.csv,0.3759765625,True
qwen2.5-coder:0.5b-base-q4_K_S,385MB,32K,Text,fb9f36e97c1a,1 year ago,all_models_sorted.csv,0.3759765625,True
qwen2:0.5b-instruct-q4_K_S,385MB,32K,Text,f6898a38eeae,2 years ago,all_models_sorted.csv,0.3759765625,True
qwen2.5-coder:0.5b-instruct-q4_K_S,385MB,32K,Text,3260403e0ead,1 year ago,all_models_sorted.csv,0.3759765625,True
qwen:0.5b,395MB,32K,Text,b5dc5e784f2a,2 years ago,all_models_sorted.csv,0.3857421875,True
qwen:0.5b,395MB,32K,Text,b5dc5e784f2a,2 years ago,models_under_5gb.csv,0.3857421875,True
qwen:0.5b,395MB,32K,Text,b5dc5e784f2a,2 years ago,qwen\qwen.csv,0.3857421875,True
qwen2:0.5b-instruct-q5_0,397MB,32K,Text,b17625f38956,2 years ago,models_under_5gb.csv,0.3876953125,True
qwen2.5-coder:0.5b-base-q5_0,397MB,32K,Text,d913cffe15a5,1 year ago,all_models_sorted.csv,0.3876953125,True
qwen2.5-coder:0.5b-instruct-q5_0,397MB,32K,Text,3f95976d5c24,1 year ago,qwen\qwen2.5-coder.csv,0.3876953125,True
qwen2.5-coder:0.5b-instruct-q5_0,397MB,32K,Text,3f95976d5c24,1 year ago,all_models_sorted.csv,0.3876953125,True
qwen2:0.5b-instruct-q5_0,397MB,32K,Text,b17625f38956,2 years ago,all_models_sorted.csv,0.3876953125,True
qwen2.5-coder:0.5b-base-q5_0,397MB,32K,Text,d913cffe15a5,1 year ago,qwen\qwen2.5-coder.csv,0.3876953125,True
qwen2.5-coder:0.5b-instruct-q5_0,397MB,32K,Text,3f95976d5c24,1 year ago,models_under_5gb.csv,0.3876953125,True
qwen2:0.5b-instruct-q5_0,397MB,32K,Text,b17625f38956,2 years ago,qwen\qwen2.csv,0.3876953125,True
qwen2.5-coder:0.5b-base-q5_0,397MB,32K,Text,d913cffe15a5,1 year ago,models_under_5gb.csv,0.3876953125,True
qwen2:0.5b-instruct-q4_K_M,398MB,32K,Text,19d15f48d098,2 years ago,models_under_5gb.csv,0.388671875,True
qwen2.5-coder:0.5b-base-q4_K_M,398MB,32K,Text,a5e657de26cb,1 year ago,models_under_5gb.csv,0.388671875,True
qwen2:0.5b-instruct-q4_K_M,398MB,32K,Text,19d15f48d098,2 years ago,all_models_sorted.csv,0.388671875,True
qwen2.5-coder:0.5b,398MB,32K,Text,4ff64a7f502a,1 year ago,all_models_sorted.csv,0.388671875,True
qwen2.5-coder:0.5b-base-q4_K_M,398MB,32K,Text,a5e657de26cb,1 year ago,all_models_sorted.csv,0.388671875,True
qwen2.5-coder:0.5b-instruct-q4_K_M,398MB,32K,Text,4ff64a7f502a,1 year ago,all_models_sorted.csv,0.388671875,True
qwen2.5-coder:0.5b-instruct,398MB,32K,Text,4ff64a7f502a,1 year ago,qwen\qwen2.5-coder.csv,0.388671875,True
qwen2.5-coder:0.5b-base-q4_K_M,398MB,32K,Text,a5e657de26cb,1 year ago,qwen\qwen2.5-coder.csv,0.388671875,True
qwen2.5-coder:0.5b-instruct-q4_K_M,398MB,32K,Text,4ff64a7f502a,1 year ago,qwen\qwen2.5-coder.csv,0.388671875,True
qwen2.5-coder:0.5b,398MB,32K,Text,4ff64a7f502a,1 year ago,qwen\qwen2.5-coder.csv,0.388671875,True
qwen2:0.5b-instruct-q4_K_M,398MB,32K,Text,19d15f48d098,2 years ago,qwen\qwen2.csv,0.388671875,True
qwen2.5-coder:0.5b-instruct,398MB,32K,Text,4ff64a7f502a,1 year ago,models_under_5gb.csv,0.388671875,True
qwen2.5-coder:0.5b-instruct-q4_K_M,398MB,32K,Text,4ff64a7f502a,1 year ago,models_under_5gb.csv,0.388671875,True
qwen2.5-coder:0.5b-instruct,398MB,32K,Text,4ff64a7f502a,1 year ago,all_models_sorted.csv,0.388671875,True
qwen2.5-coder:0.5b,398MB,32K,Text,4ff64a7f502a,1 year ago,models_under_5gb.csv,0.388671875,True
qwen2:0.5b-instruct-q5_K_S,413MB,32K,Text,dfba5ca4486a,2 years ago,qwen\qwen2.csv,0.4033203125,True
qwen2.5-coder:0.5b-base-q5_K_S,413MB,32K,Text,8a75bd23fad4,1 year ago,models_under_5gb.csv,0.4033203125,True
qwen2.5-coder:0.5b-base-q5_K_S,413MB,32K,Text,8a75bd23fad4,1 year ago,all_models_sorted.csv,0.4033203125,True
qwen2:0.5b-instruct-q5_K_S,413MB,32K,Text,dfba5ca4486a,2 years ago,all_models_sorted.csv,0.4033203125,True
qwen2.5-coder:0.5b-instruct-q5_K_S,413MB,32K,Text,6fcf5fa0efeb,1 year ago,all_models_sorted.csv,0.4033203125,True
qwen2:0.5b-instruct-q5_K_S,413MB,32K,Text,dfba5ca4486a,2 years ago,models_under_5gb.csv,0.4033203125,True
qwen2.5-coder:0.5b-instruct-q5_K_S,413MB,32K,Text,6fcf5fa0efeb,1 year ago,qwen\qwen2.5-coder.csv,0.4033203125,True
qwen2.5-coder:0.5b-instruct-q5_K_S,413MB,32K,Text,6fcf5fa0efeb,1 year ago,models_under_5gb.csv,0.4033203125,True
qwen2.5-coder:0.5b-base-q5_K_S,413MB,32K,Text,8a75bd23fad4,1 year ago,qwen\qwen2.5-coder.csv,0.4033203125,True
qwen2:0.5b-instruct-q5_1,419MB,32K,Text,76769ded76b2,2 years ago,all_models_sorted.csv,0.4091796875,True
qwen2.5-coder:0.5b-base-q5_1,419MB,32K,Text,90fb0d5bbe28,1 year ago,qwen\qwen2.5-coder.csv,0.4091796875,True
qwen2:0.5b-instruct-q5_1,419MB,32K,Text,76769ded76b2,2 years ago,qwen\qwen2.csv,0.4091796875,True
qwen2.5-coder:0.5b-instruct-q5_1,419MB,32K,Text,fecbd9bca6f9,1 year ago,qwen\qwen2.5-coder.csv,0.4091796875,True
qwen2.5-coder:0.5b-base-q5_1,419MB,32K,Text,90fb0d5bbe28,1 year ago,models_under_5gb.csv,0.4091796875,True
qwen2:0.5b-instruct-q5_1,419MB,32K,Text,76769ded76b2,2 years ago,models_under_5gb.csv,0.4091796875,True
qwen2.5-coder:0.5b-instruct-q5_1,419MB,32K,Text,fecbd9bca6f9,1 year ago,all_models_sorted.csv,0.4091796875,True
qwen2.5-coder:0.5b-base-q5_1,419MB,32K,Text,90fb0d5bbe28,1 year ago,all_models_sorted.csv,0.4091796875,True
qwen2.5-coder:0.5b-instruct-q5_1,419MB,32K,Text,fecbd9bca6f9,1 year ago,models_under_5gb.csv,0.4091796875,True
qwen2.5-coder:0.5b-base-q5_K_M,420MB,32K,Text,057639c6959e,1 year ago,models_under_5gb.csv,0.41015625,True
qwen2.5-coder:0.5b-base-q5_K_M,420MB,32K,Text,057639c6959e,1 year ago,all_models_sorted.csv,0.41015625,True
qwen2:0.5b-instruct-q5_K_M,420MB,32K,Text,d9515b0adb44,2 years ago,qwen\qwen2.csv,0.41015625,True
qwen2.5-coder:0.5b-instruct-q5_K_M,420MB,32K,Text,415eac8f1777,1 year ago,models_under_5gb.csv,0.41015625,True
qwen2:0.5b-instruct-q5_K_M,420MB,32K,Text,d9515b0adb44,2 years ago,models_under_5gb.csv,0.41015625,True
qwen2.5-coder:0.5b-base-q5_K_M,420MB,32K,Text,057639c6959e,1 year ago,qwen\qwen2.5-coder.csv,0.41015625,True
qwen2.5-coder:0.5b-instruct-q5_K_M,420MB,32K,Text,415eac8f1777,1 year ago,qwen\qwen2.5-coder.csv,0.41015625,True
qwen2.5-coder:0.5b-instruct-q5_K_M,420MB,32K,Text,415eac8f1777,1 year ago,all_models_sorted.csv,0.41015625,True
qwen2:0.5b-instruct-q5_K_M,420MB,32K,Text,d9515b0adb44,2 years ago,all_models_sorted.csv,0.41015625,True
qwen2.5-coder:0.5b-instruct-q6_K,506MB,32K,Text,ec7f86cd81f6,1 year ago,all_models_sorted.csv,0.494140625,True
qwen2.5-coder:0.5b-base-q6_K,506MB,32K,Text,d71ccdf96af9,1 year ago,all_models_sorted.csv,0.494140625,True
qwen2.5-coder:0.5b-instruct-q6_K,506MB,32K,Text,ec7f86cd81f6,1 year ago,models_under_5gb.csv,0.494140625,True
qwen2.5-coder:0.5b-base-q6_K,506MB,32K,Text,d71ccdf96af9,1 year ago,models_under_5gb.csv,0.494140625,True
qwen2:0.5b-instruct-q6_K,506MB,32K,Text,8e5bba81c7b5,2 years ago,qwen\qwen2.csv,0.494140625,True
qwen2:0.5b-instruct-q6_K,506MB,32K,Text,8e5bba81c7b5,2 years ago,all_models_sorted.csv,0.494140625,True
qwen2.5-coder:0.5b-base-q6_K,506MB,32K,Text,d71ccdf96af9,1 year ago,qwen\qwen2.5-coder.csv,0.494140625,True
qwen2.5-coder:0.5b-instruct-q6_K,506MB,32K,Text,ec7f86cd81f6,1 year ago,qwen\qwen2.5-coder.csv,0.494140625,True
qwen2:0.5b-instruct-q6_K,506MB,32K,Text,8e5bba81c7b5,2 years ago,models_under_5gb.csv,0.494140625,True
qwen3:0.6b,523MB,40K,Text,7df6b6e09427,1 year ago,qwen\qwen3.csv,0.5107421875,True
qwen3:0.6b,523MB,40K,Text,7df6b6e09427,1 year ago,all_models_sorted.csv,0.5107421875,True
qwen3:0.6b,523MB,40K,Text,7df6b6e09427,1 year ago,models_under_5gb.csv,0.5107421875,True
qwen2:0.5b-instruct-q8_0,531MB,32K,Text,6b8eef84f0bf,2 years ago,qwen\qwen2.csv,0.5185546875,True
qwen2.5-coder:0.5b-base,531MB,32K,Text,a0a84cca0f91,1 year ago,all_models_sorted.csv,0.5185546875,True
qwen2.5-coder:0.5b-base,531MB,32K,Text,a0a84cca0f91,1 year ago,qwen\qwen2.5-coder.csv,0.5185546875,True
qwen2.5-coder:0.5b-instruct-q8_0,531MB,32K,Text,4270293369d4,1 year ago,all_models_sorted.csv,0.5185546875,True
qwen2.5-coder:0.5b-instruct-q8_0,531MB,32K,Text,4270293369d4,1 year ago,qwen\qwen2.5-coder.csv,0.5185546875,True
qwen2.5-coder:0.5b-base-q8_0,531MB,32K,Text,a0a84cca0f91,1 year ago,all_models_sorted.csv,0.5185546875,True
qwen2:0.5b-instruct-q8_0,531MB,32K,Text,6b8eef84f0bf,2 years ago,models_under_5gb.csv,0.5185546875,True
qwen2.5-coder:0.5b-base,531MB,32K,Text,a0a84cca0f91,1 year ago,models_under_5gb.csv,0.5185546875,True
qwen2.5-coder:0.5b-instruct-q8_0,531MB,32K,Text,4270293369d4,1 year ago,models_under_5gb.csv,0.5185546875,True
qwen2:0.5b-instruct-q8_0,531MB,32K,Text,6b8eef84f0bf,2 years ago,all_models_sorted.csv,0.5185546875,True
qwen2.5-coder:0.5b-base-q8_0,531MB,32K,Text,a0a84cca0f91,1 year ago,qwen\qwen2.5-coder.csv,0.5185546875,True
qwen2.5-coder:0.5b-base-q8_0,531MB,32K,Text,a0a84cca0f91,1 year ago,models_under_5gb.csv,0.5185546875,True
qwen2.5-coder:1.5b-base-q2_K,676MB,32K,Text,21495720163c,1 year ago,qwen\qwen2.5-coder.csv,0.66015625,True
qwen2:1.5b-instruct-q2_K,676MB,32K,Text,7851c5581bce,2 years ago,models_under_5gb.csv,0.66015625,True
qwen2:1.5b-instruct-q2_K,676MB,32K,Text,7851c5581bce,2 years ago,all_models_sorted.csv,0.66015625,True
qwen2.5-coder:1.5b-base-q2_K,676MB,32K,Text,21495720163c,1 year ago,all_models_sorted.csv,0.66015625,True
qwen2:1.5b-instruct-q2_K,676MB,32K,Text,7851c5581bce,2 years ago,qwen\qwen2.csv,0.66015625,True
qwen2.5-coder:1.5b-base-q2_K,676MB,32K,Text,21495720163c,1 year ago,models_under_5gb.csv,0.66015625,True
granite4:350m,708MB,32K,Text,5eee845b49c4,10 months ago,ibm\granite4.csv,0.69140625,True
granite4:350m,708MB,32K,Text,5eee845b49c4,10 months ago,all_models_sorted.csv,0.69140625,True
granite4:350m,708MB,32K,Text,5eee845b49c4,10 months ago,models_under_5gb.csv,0.69140625,True
qwen2.5-coder:1.5b-base-q3_K_S,761MB,32K,Text,a8bf69c72535,1 year ago,all_models_sorted.csv,0.7431640625,True
qwen2.5-coder:1.5b-base-q3_K_S,761MB,32K,Text,a8bf69c72535,1 year ago,models_under_5gb.csv,0.7431640625,True
qwen2:1.5b-instruct-q3_K_S,761MB,32K,Text,980b3bdef07c,2 years ago,all_models_sorted.csv,0.7431640625,True
qwen2:1.5b-instruct-q3_K_S,761MB,32K,Text,980b3bdef07c,2 years ago,models_under_5gb.csv,0.7431640625,True
qwen2.5-coder:1.5b-base-q3_K_S,761MB,32K,Text,a8bf69c72535,1 year ago,qwen\qwen2.5-coder.csv,0.7431640625,True
qwen2:1.5b-instruct-q3_K_S,761MB,32K,Text,980b3bdef07c,2 years ago,qwen\qwen2.csv,0.7431640625,True
gemma3:1b,815MB,32K,Text,8648f39daa8f,1 year ago,gemma\gemma3.csv,0.7958984375,True
gemma3:1b,815MB,32K,Text,8648f39daa8f,1 year ago,all_models_sorted.csv,0.7958984375,True
gemma3:1b,815MB,32K,Text,8648f39daa8f,1 year ago,models_under_5gb.csv,0.7958984375,True
qwen2.5-coder:1.5b-base-q3_K_M,824MB,32K,Text,c60d4f18ee47,1 year ago,qwen\qwen2.5-coder.csv,0.8046875,True
qwen2:1.5b-instruct-q3_K_M,824MB,32K,Text,4a143b4bca71,2 years ago,all_models_sorted.csv,0.8046875,True
qwen2.5-coder:1.5b-base-q3_K_M,824MB,32K,Text,c60d4f18ee47,1 year ago,all_models_sorted.csv,0.8046875,True
qwen2:1.5b-instruct-q3_K_M,824MB,32K,Text,4a143b4bca71,2 years ago,qwen\qwen2.csv,0.8046875,True
qwen2:1.5b-instruct-q3_K_M,824MB,32K,Text,4a143b4bca71,2 years ago,models_under_5gb.csv,0.8046875,True
qwen2.5-coder:1.5b-base-q3_K_M,824MB,32K,Text,c60d4f18ee47,1 year ago,models_under_5gb.csv,0.8046875,True
qwen2.5-coder:1.5b-base-q3_K_L,880MB,32K,Text,4426c1041b69,1 year ago,all_models_sorted.csv,0.859375,True
qwen2:1.5b-instruct-q3_K_L,880MB,32K,Text,2c7ac92e9b2a,2 years ago,models_under_5gb.csv,0.859375,True
qwen2:1.5b-instruct-q3_K_L,880MB,32K,Text,2c7ac92e9b2a,2 years ago,qwen\qwen2.csv,0.859375,True
qwen2.5-coder:1.5b-base-q3_K_L,880MB,32K,Text,4426c1041b69,1 year ago,qwen\qwen2.5-coder.csv,0.859375,True
qwen2.5-coder:1.5b-base-q3_K_L,880MB,32K,Text,4426c1041b69,1 year ago,models_under_5gb.csv,0.859375,True
qwen2:1.5b-instruct-q3_K_L,880MB,32K,Text,2c7ac92e9b2a,2 years ago,all_models_sorted.csv,0.859375,True
qwen2.5-coder:1.5b-base-q4_0,935MB,32K,Text,d7b55910863e,1 year ago,all_models_sorted.csv,0.9130859375,True
qwen2:1.5b-instruct,935MB,32K,Text,f6daf2b25194,2 years ago,all_models_sorted.csv,0.9130859375,True
qwen2:1.5b-instruct-q4_0,935MB,32K,Text,f6daf2b25194,2 years ago,all_models_sorted.csv,0.9130859375,True
qwen2:1.5b,935MB,32K,Text,f6daf2b25194,2 years ago,all_models_sorted.csv,0.9130859375,True
qwen2:1.5b-instruct,935MB,32K,Text,f6daf2b25194,2 years ago,qwen\qwen2.csv,0.9130859375,True
qwen2.5-coder:1.5b-base-q4_0,935MB,32K,Text,d7b55910863e,1 year ago,qwen\qwen2.5-coder.csv,0.9130859375,True
qwen2:1.5b-instruct-q4_0,935MB,32K,Text,f6daf2b25194,2 years ago,qwen\qwen2.csv,0.9130859375,True
qwen2:1.5b,935MB,32K,Text,f6daf2b25194,2 years ago,qwen\qwen2.csv,0.9130859375,True
qwen2:1.5b,935MB,32K,Text,f6daf2b25194,2 years ago,models_under_5gb.csv,0.9130859375,True
qwen2:1.5b-instruct,935MB,32K,Text,f6daf2b25194,2 years ago,models_under_5gb.csv,0.9130859375,True
qwen2:1.5b-instruct-q4_0,935MB,32K,Text,f6daf2b25194,2 years ago,models_under_5gb.csv,0.9130859375,True
qwen2.5-coder:1.5b-base-q4_0,935MB,32K,Text,d7b55910863e,1 year ago,models_under_5gb.csv,0.9130859375,True
qwen2:1.5b-instruct-q4_K_S,940MB,32K,Text,976868269c51,2 years ago,models_under_5gb.csv,0.91796875,True
qwen2.5-coder:1.5b-base-q4_K_S,940MB,32K,Text,08ec5a15b673,1 year ago,models_under_5gb.csv,0.91796875,True
qwen2.5-coder:1.5b-base-q4_K_S,940MB,32K,Text,08ec5a15b673,1 year ago,all_models_sorted.csv,0.91796875,True
qwen2:1.5b-instruct-q4_K_S,940MB,32K,Text,976868269c51,2 years ago,all_models_sorted.csv,0.91796875,True
qwen2.5-coder:1.5b-base-q4_K_S,940MB,32K,Text,08ec5a15b673,1 year ago,qwen\qwen2.5-coder.csv,0.91796875,True
qwen2:1.5b-instruct-q4_K_S,940MB,32K,Text,976868269c51,2 years ago,qwen\qwen2.csv,0.91796875,True
qwen2.5-coder:1.5b-base-q4_K_M,986MB,32K,Text,02e0f2817a89,1 year ago,all_models_sorted.csv,0.962890625,True
qwen2:1.5b-instruct-q4_K_M,986MB,32K,Text,0d2a504f5771,2 years ago,all_models_sorted.csv,0.962890625,True
qwen2.5-coder:1.5b-instruct-q4_K_M,986MB,32K,Text,d7372fd82851,1 year ago,all_models_sorted.csv,0.962890625,True
qwen2.5-coder:1.5b-base,986MB,32K,Text,02e0f2817a89,1 year ago,models_under_5gb.csv,0.962890625,True
qwen2:1.5b-instruct-q4_K_M,986MB,32K,Text,0d2a504f5771,2 years ago,qwen\qwen2.csv,0.962890625,True
qwen2.5-coder:1.5b-base-q4_K_M,986MB,32K,Text,02e0f2817a89,1 year ago,models_under_5gb.csv,0.962890625,True
qwen2.5-coder:1.5b,986MB,32K,Text,d7372fd82851,1 year ago,models_under_5gb.csv,0.962890625,True
qwen2.5-coder:1.5b-instruct-q4_K_M,986MB,32K,Text,d7372fd82851,1 year ago,qwen\qwen2.5-coder.csv,0.962890625,True
qwen2.5-coder:1.5b,986MB,32K,Text,d7372fd82851,1 year ago,qwen\qwen2.5-coder.csv,0.962890625,True
qwen2:1.5b-instruct-q4_K_M,986MB,32K,Text,0d2a504f5771,2 years ago,models_under_5gb.csv,0.962890625,True
qwen2.5-coder:1.5b-instruct-q4_K_M,986MB,32K,Text,d7372fd82851,1 year ago,models_under_5gb.csv,0.962890625,True
qwen2.5-coder:1.5b-base,986MB,32K,Text,02e0f2817a89,1 year ago,qwen\qwen2.5-coder.csv,0.962890625,True
qwen2.5-coder:1.5b-base-q4_K_M,986MB,32K,Text,02e0f2817a89,1 year ago,qwen\qwen2.5-coder.csv,0.962890625,True
qwen2.5-coder:1.5b,986MB,32K,Text,d7372fd82851,1 year ago,all_models_sorted.csv,0.962890625,True
qwen2.5-coder:1.5b-base,986MB,32K,Text,02e0f2817a89,1 year ago,all_models_sorted.csv,0.962890625,True
qwen2.5-coder:0.5b-instruct-fp16,994MB,32K,Text,06760f570b0a,1 year ago,all_models_sorted.csv,0.970703125,True
qwen2.5-coder:0.5b-instruct-fp16,994MB,32K,Text,06760f570b0a,1 year ago,models_under_5gb.csv,0.970703125,True
qwen2.5-coder:0.5b-instruct-fp16,994MB,32K,Text,06760f570b0a,1 year ago,qwen\qwen2.5-coder.csv,0.970703125,True
qwen2.5-coder:0.5b-base-fp16,994MB,32K,Text,7df7a5e33f40,1 year ago,qwen\qwen2.5-coder.csv,0.970703125,True
qwen2:0.5b-instruct-fp16,994MB,32K,Text,f9b12d5481d2,2 years ago,qwen\qwen2.csv,0.970703125,True
qwen2:0.5b-instruct-fp16,994MB,32K,Text,f9b12d5481d2,2 years ago,models_under_5gb.csv,0.970703125,True
qwen2.5-coder:0.5b-base-fp16,994MB,32K,Text,7df7a5e33f40,1 year ago,models_under_5gb.csv,0.970703125,True
qwen2.5-coder:0.5b-base-fp16,994MB,32K,Text,7df7a5e33f40,1 year ago,all_models_sorted.csv,0.970703125,True
qwen2:0.5b-instruct-fp16,994MB,32K,Text,f9b12d5481d2,2 years ago,all_models_sorted.csv,0.970703125,True
qwen2.5-coder:1.5b-base-q4_1,1.0GB,32K,Text,fe2fd45b0b62,1 year ago,models_under_5gb.csv,1.0,True
qwen2:1.5b-instruct-q4_1,1.0GB,32K,Text,8cbdd0be53c3,2 years ago,models_under_5gb.csv,1.0,True
qwen2:1.5b-instruct-q4_1,1.0GB,32K,Text,8cbdd0be53c3,2 years ago,all_models_sorted.csv,1.0,True
qwen2.5-coder:1.5b-base-q4_1,1.0GB,32K,Text,fe2fd45b0b62,1 year ago,all_models_sorted.csv,1.0,True
qwen2.5-coder:1.5b-base-q4_1,1.0GB,32K,Text,fe2fd45b0b62,1 year ago,qwen\qwen2.5-coder.csv,1.0,True
qwen2:1.5b-instruct-q4_1,1.0GB,32K,Text,8cbdd0be53c3,2 years ago,qwen\qwen2.csv,1.0,True
qwen2:1.5b-instruct-q5_0,1.1GB,32K,Text,945eea96cfa5,2 years ago,models_under_5gb.csv,1.1,True
qwen:1.8b,1.1GB,32K,Text,b6e8ec2e7126,2 years ago,qwen\qwen.csv,1.1,True
qwen2:1.5b-instruct-q5_0,1.1GB,32K,Text,945eea96cfa5,2 years ago,all_models_sorted.csv,1.1,True
qwen:1.8b,1.1GB,32K,Text,b6e8ec2e7126,2 years ago,models_under_5gb.csv,1.1,True
qwen2:1.5b-instruct-q5_K_S,1.1GB,32K,Text,272e01e2734a,2 years ago,models_under_5gb.csv,1.1,True
qwen2:1.5b-instruct-q5_K_M,1.1GB,32K,Text,2ce7afe8f9e9,2 years ago,models_under_5gb.csv,1.1,True
qwen:1.8b,1.1GB,32K,Text,b6e8ec2e7126,2 years ago,all_models_sorted.csv,1.1,True
qwen2:1.5b-instruct-q5_K_S,1.1GB,32K,Text,272e01e2734a,2 years ago,all_models_sorted.csv,1.1,True
qwen2:1.5b-instruct-q5_K_M,1.1GB,32K,Text,2ce7afe8f9e9,2 years ago,all_models_sorted.csv,1.1,True
qwen2:1.5b-instruct-q5_0,1.1GB,32K,Text,945eea96cfa5,2 years ago,qwen\qwen2.csv,1.1,True
qwen2:1.5b-instruct-q5_K_M,1.1GB,32K,Text,2ce7afe8f9e9,2 years ago,qwen\qwen2.csv,1.1,True
qwen2:1.5b-instruct-q5_K_S,1.1GB,32K,Text,272e01e2734a,2 years ago,qwen\qwen2.csv,1.1,True
qwen2:1.5b-instruct-q5_1,1.2GB,32K,Text,5b1266375ca6,2 years ago,models_under_5gb.csv,1.2,True
qwen2:1.5b-instruct-q5_1,1.2GB,32K,Text,5b1266375ca6,2 years ago,qwen\qwen2.csv,1.2,True
qwen2:1.5b-instruct-q5_1,1.2GB,32K,Text,5b1266375ca6,2 years ago,all_models_sorted.csv,1.2,True
qwen2:1.5b-instruct-q6_K,1.3GB,32K,Text,1fcc9e410c55,2 years ago,qwen\qwen2.csv,1.3,True
qwen2:1.5b-instruct-q6_K,1.3GB,32K,Text,1fcc9e410c55,2 years ago,models_under_5gb.csv,1.3,True
qwen2:1.5b-instruct-q6_K,1.3GB,32K,Text,1fcc9e410c55,2 years ago,all_models_sorted.csv,1.3,True
qwen3:1.7b,1.4GB,40K,Text,8f68893c685c,1 year ago,qwen\qwen3.csv,1.4,True
qwen3:1.7b,1.4GB,40K,Text,8f68893c685c,1 year ago,models_under_5gb.csv,1.4,True
qwen3:1.7b,1.4GB,40K,Text,8f68893c685c,1 year ago,all_models_sorted.csv,1.4,True
qwen2:1.5b-instruct-q8_0,1.6GB,32K,Text,908c3f054aac,2 years ago,models_under_5gb.csv,1.6,True
codegemma:2b-code-v1.1-q4_K_M,1.6GB,8K,Text,,,models_under_5gb.csv,1.6,True
granite4:1b-h,1.6GB,1M,Text,7761ae79cab9,10 months ago,models_under_5gb.csv,1.6,True
gemma:2b-instruct-v1.1-q4_K_M,1.6GB,8K,Text,1a26b1fdc8cf,2 years ago,models_under_5gb.csv,1.6,True
gemma:2b-instruct-v1.1-q4_K_M,1.6GB,8K,Text,1a26b1fdc8cf,2 years ago,gemma\gemma.csv,1.6,True
granite4:1b-h,1.6GB,1M,Text,7761ae79cab9,10 months ago,ibm\granite4.csv,1.6,True
codegemma:2b-code-v1.1-q4_K_M,1.6GB,8K,Text,,,all_models_sorted.csv,1.6,True
granite4:1b-h,1.6GB,1M,Text,7761ae79cab9,10 months ago,all_models_sorted.csv,1.6,True
gemma:2b-instruct-v1.1-q4_K_M,1.6GB,8K,Text,1a26b1fdc8cf,2 years ago,all_models_sorted.csv,1.6,True
qwen2:1.5b-instruct-q8_0,1.6GB,32K,Text,908c3f054aac,2 years ago,all_models_sorted.csv,1.6,True
codegemma:2b-code-v1.1-q4_K_M,1.6GB,8K,Text,,,gemma\codegemma.csv,1.6,True
qwen2:1.5b-instruct-q8_0,1.6GB,32K,Text,908c3f054aac,2 years ago,qwen\qwen2.csv,1.6,True
shieldgemma:2b-q4_K_M,1.7GB,8K,Text,5aad5044d142,1 year ago,models_under_5gb.csv,1.7,True
gemma2:2b-instruct-q4_K_M,1.7GB,8K,Text,cb2d06dce813,2 years ago,models_under_5gb.csv,1.7,True
gemma2:2b-instruct-q4_K_M,1.7GB,8K,Text,cb2d06dce813,2 years ago,gemma\gemma2.csv,1.7,True
gemma2:2b-instruct-q4_K_M,1.7GB,8K,Text,cb2d06dce813,2 years ago,all_models_sorted.csv,1.7,True
shieldgemma:2b-q4_K_M,1.7GB,8K,Text,5aad5044d142,1 year ago,all_models_sorted.csv,1.7,True
shieldgemma:2b-q4_K_M,1.7GB,8K,Text,5aad5044d142,1 year ago,gemma\shieldgemma.csv,1.7,True
granite4:3b-h,1.9GB,1M,Text,076afb3855dc,10 months ago,ibm\granite4.csv,1.9,True
qwen2.5-coder:3b,1.9GB,32K,Text,f72c60cabf62,1 year ago,models_under_5gb.csv,1.9,True
granite4:3b-h,1.9GB,1M,Text,076afb3855dc,10 months ago,models_under_5gb.csv,1.9,True
qwen2.5-coder:3b,1.9GB,32K,Text,f72c60cabf62,1 year ago,qwen\qwen2.5-coder.csv,1.9,True
qwen2.5-coder:3b,1.9GB,32K,Text,f72c60cabf62,1 year ago,all_models_sorted.csv,1.9,True
granite4:3b-h,1.9GB,1M,Text,076afb3855dc,10 months ago,all_models_sorted.csv,1.9,True
granite4:3b,2.1GB,128K,Text,89962fcc7523,10 months ago,models_under_5gb.csv,2.1,True
granite4:3b,2.1GB,128K,Text,89962fcc7523,10 months ago,ibm\granite4.csv,2.1,True
granite4:3b,2.1GB,128K,Text,89962fcc7523,10 months ago,all_models_sorted.csv,2.1,True
granite4.2:3b-q4_K_M,2.2GB,128K,Text,40577dc168a3,1 week ago,granite\granite4.2.csv,2.2,True
granite4.2:3b-q4_K_M,2.2GB,128K,Text,7a65e6414ad6,1 week ago,all_models_sorted.csv,2.2,True
granite4.2:3b-q4_K_M,2.2GB,128K,Text,7a65e6414ad6,1 week ago,models_under_5gb.csv,2.2,True
granite4.2:3b-q4_K_M,2.2GB,128K,Text,40577dc168a3,1 week ago,all_models_sorted.csv,2.2,True
granite4.2:3b-q4_K_M,2.2GB,128K,Text,7a65e6414ad6,1 week ago,ibm\granite4.2.csv,2.2,True
granite4.2:3b-q4_K_M,2.2GB,128K,Text,40577dc168a3,1 week ago,models_under_5gb.csv,2.2,True
qwen:4b,2.3GB,32K,Text,d53d04290064,2 years ago,qwen\qwen.csv,2.3,True
qwen:4b,2.3GB,32K,Text,d53d04290064,2 years ago,all_models_sorted.csv,2.3,True
qwen:4b,2.3GB,32K,Text,d53d04290064,2 years ago,models_under_5gb.csv,2.3,True
qwen3:4b,2.5GB,256K,Text,359d7dd4bcda,11 months ago,all_models_sorted.csv,2.5,True
qwen3:4b,2.5GB,256K,Text,359d7dd4bcda,11 months ago,qwen\qwen3.csv,2.5,True
qwen3:4b,2.5GB,256K,Text,359d7dd4bcda,11 months ago,models_under_5gb.csv,2.5,True
qwen2.5vl:3b,3.2GB,125K,"Text, Image",fb90415cde1e,1 year ago,models_under_5gb.csv,3.2,True
qwen2.5vl:3b-q4_K_M,3.2GB,125K,"Text, Image",fb90415cde1e,1 year ago,models_under_5gb.csv,3.2,True
qwen2.5vl:3b-q4_K_M,3.2GB,125K,"Text, Image",fb90415cde1e,1 year ago,qwen\qwen2.5vl.csv,3.2,True
qwen2.5vl:3b,3.2GB,125K,"Text, Image",fb90415cde1e,1 year ago,qwen\qwen2.5vl.csv,3.2,True
qwen2.5vl:3b-q4_K_M,3.2GB,125K,"Text, Image",fb90415cde1e,1 year ago,all_models_sorted.csv,3.2,True
qwen2.5vl:3b,3.2GB,125K,"Text, Image",fb90415cde1e,1 year ago,all_models_sorted.csv,3.2,True
medgemma:4b-it-q4_K_M,3.3GB,128K,"Text, Image",9fe4e9a6c9bd,4 months ago,gemma\medgemma.csv,3.3,True
medgemma1.5:4b-it-q4_K_M,3.3GB,128K,"Text, Image",433252621ab1,4 months ago,gemma\medgemma1.5.csv,3.3,True
medgemma1.5:4b-it-q4_K_M,3.3GB,128K,"Text, Image",433252621ab1,4 months ago,all_models_sorted.csv,3.3,True
medgemma:4b-it-q4_K_M,3.3GB,128K,"Text, Image",9fe4e9a6c9bd,4 months ago,all_models_sorted.csv,3.3,True
medgemma:4b-it-q4_K_M,3.3GB,128K,"Text, Image",9fe4e9a6c9bd,4 months ago,models_under_5gb.csv,3.3,True
medgemma1.5:4b-it-q4_K_M,3.3GB,128K,"Text, Image",433252621ab1,4 months ago,models_under_5gb.csv,3.3,True
granite4:7b-a1b-h,4.2GB,1M,Text,566b725534ea,10 months ago,models_under_5gb.csv,4.2,True
granite4:7b-a1b-h,4.2GB,1M,Text,566b725534ea,10 months ago,all_models_sorted.csv,4.2,True
granite4:7b-a1b-h,4.2GB,1M,Text,566b725534ea,10 months ago,ibm\granite4.csv,4.2,True
gemma4:e2b-it-qat,4.3GB,128K,"Text, Image",07ea59a47401,3 months ago,gemma\gemma4.csv,4.3,True
gemma4:e2b-it-qat,4.3GB,128K,"Text, Image",07ea59a47401,3 months ago,models_under_5gb.csv,4.3,True
gemma4:e2b-it-qat,4.3GB,128K,"Text, Image",07ea59a47401,3 months ago,all_models_sorted.csv,4.3,True
